set_url,platform,latest_date,set_sell_med,parts_cost_buy,margin,roi_pct,buy_depth_med,min_part_eff_depth,vol_min,kpi_daily,kpi_norm,kpi_0_100,opportunity_score,kpi_30d_avg
acceltra_prime_set,pc,2025-12-11 00:00:00+00:00,20.333,15.0,5.332999999999998,35.55333333333332,9.0,13.0,9.0,47.996999999999986,0.15105188248373147,15,13.169896177695932,49.74750833333334
afuris_prime_set,pc,2025-12-11 00:00:00+00:00,81.0,38.667,42.333,109.48095275040733,5.0,4.0,4.0,169.332,0.5329065850935522,53,71.95208886025962,108.41206666666666
akarius_prime_set,pc,2025-12-11 00:00:00+00:00,40.0,28.667,11.332999999999998,39.533261241148345,6.0,7.0,6.0,67.99799999999999,0.21399724785150684,21,22.805756413328236,106.07995
akbolto_prime_set,pc,2025-12-11 00:00:00+00:00,80.0,43.333,36.667,84.61680474465189,3.0,3.0,3.0,110.001,0.3461853475236567,35,50.83125533918303,100.80577500000001
akbronco_prime_set,pc,2025-12-11 00:00:00+00:00,6.333,2.0,4.333,216.65,0.0,11.0,0.0,0.0,0.0,0,0.0,1.8930250000000002
akjagara_prime_set,pc,2025-12-11 00:00:00+00:00,80.0,40.333,39.667,98.3487466838569,3.0,2.0,2.0,79.334,0.24967289715949653,25,49.11672341411235,191.55554166666667
aklex_prime_set,pc,2025-12-11 00:00:00+00:00,45.667,29.667,16.0,53.93197829237874,0.0,10.0,0.0,0.0,0.0,0,0.0,42.671791666666664
akmagnus_prime_set,pc,2025-12-11 00:00:00+00:00,46.333,21.667,24.665999999999997,113.84132551806891,4.0,11.0,4.0,98.66399999999999,0.3105065511047541,31,50.13398168775774,137.320175
aksomati_prime_set,pc,2025-12-11 00:00:00+00:00,83.0,32.999,50.001,151.52277341737624,3.0,4.0,3.0,150.003,0.47207607825920733,47,74.80489547136986,142.31085
akstiletto_prime_set,pc,2025-12-11 00:00:00+00:00,139.333,54.334,84.999,156.4379578164685,5.0,2.0,2.0,169.998,0.5350025609615057,54,121.21388124451738,208.4392
akvasto_prime_set,pc,2025-12-11 00:00:00+00:00,40.0,10.667,29.333,274.98828161619946,1.0,7.0,1.0,29.333,0.0923142044064274,9,37.944067792473675,90.41184166666667
alternox_prime_set,pc,2025-12-11 00:00:00+00:00,106.667,52.333,54.334,103.82359123306519,6.0,10.0,6.0,326.004,1.0,100,117.82831275503078,326.004
ankyros_prime_set,pc,2025-12-11 00:00:00+00:00,57.667,29.334,28.333000000000002,96.58757755505557,3.0,2.0,2.0,56.666000000000004,0.17833418698716857,18,35.08266630932627,77.98593333333334
ash_prime_set,pc,2025-12-11 00:00:00+00:00,89.0,39.834,49.166,123.42722297534768,3.0,8.0,3.0,147.498,0.46419256542253534,46,87.25880237772675,415.14337499999993
astilla_prime_set,pc,2025-12-11 00:00:00+00:00,39.0,19.0,20.0,105.26315789473684,2.0,3.0,2.0,40.0,0.12588443651372502,13,24.764526389246655,50.99471666666667
atlas_prime_set,pc,2025-12-11 00:00:00+00:00,65.0,42.666,22.334000000000003,52.34613040828765,6.0,13.0,6.0,134.00400000000002,0.42172545076463025,42,51.046993528510846,145.66969999999998
ballistica_prime_set,pc,2025-12-11 00:00:00+00:00,71.667,21.667,50.0,230.76568052799186,3.0,8.0,3.0,150.0,0.47206663692646883,47,88.7389683701407,188.5039416666667
banshee_prime_set,pc,2025-12-11 00:00:00+00:00,56.333,36.333,20.0,55.04637657226213,4.0,6.0,4.0,80.0,0.25176887302745005,25,35.49558734805628,191.36489166666664
baruuk_prime_set,pc,2025-12-11 00:00:00+00:00,44.667,17.5,27.167,155.24,8.0,11.0,8.0,217.336,0.6839804973536736,68,63.56972000872673,226.4118
baza_prime_set,pc,2025-12-11 00:00:00+00:00,68.333,36.0,32.333,89.81388888888888,2.0,4.0,2.0,64.666,0.20351107428991355,20,43.40556668398185,203.33907499999998
bo_prime_set,pc,2025-12-11 00:00:00+00:00,84.0,47.0,37.0,78.72340425531915,5.0,5.0,5.0,185.0,0.5822155188759782,58,66.29510036143803,204.47741666666667
boar_prime_set,pc,2025-12-11 00:00:00+00:00,63.0,34.998999999999995,28.001000000000005,80.00514300408585,3.0,14.0,3.0,84.00300000000001,0.2643667580115611,26,56.3473030379956,214.66237499999997
boltor_prime_set,pc,2025-12-11 00:00:00+00:00,68.333,23.833,44.5,186.7158981244493,12.0,8.0,8.0,356.0,1.0,100,105.88139237916378,145.31229166666665
braton_prime_set,pc,2025-12-11 00:00:00+00:00,5.667,7.333,-1.6660000000000004,-22.719214509750447,5.0,14.0,5.0,0.0,0.0,0,-3.727092230762534,1.6886833333333335
bronco_prime_set,pc,2025-12-11 00:00:00+00:00,8.0,5.667,2.333,41.16816657843657,1.0,8.0,1.0,2.333,0.007342209759663013,1,3.1319452903760765,3.8844999999999996
burston_prime_set,pc,2025-12-11 00:00:00+00:00,9.0,9.167,-0.16699999999999982,-1.8217519362932237,5.0,10.0,5.0,0.0,0.0,0,-0.3487437273012603,1.9831
caliban_prime_set,pc,2025-12-11 00:00:00+00:00,51.0,29.667,21.333,71.90818080695722,8.0,21.0,8.0,170.664,0.5370985368294592,54,56.24023502362846,321.8184333333333
carrier_prime_set,pc,2025-12-11 00:00:00+00:00,91.0,44.5,46.5,104.49438202247191,2.0,6.0,2.0,93.0,0.2926813148944107,29,69.56716144514508,240.6566083333333
cedo_prime_set,pc,2025-12-11 00:00:00+00:00,20.0,10.0,10.0,100.0,2.0,15.0,2.0,20.0,0.06294221825686251,6,18.682922666827455,62.955324999999995
cernos_prime_set,pc,2025-12-11 00:00:00+00:00,56.333,25.333,31.0,122.37003118462086,5.0,5.0,5.0,155.0,0.4878021914906845,49,55.544543546069704,117.06104166666665
chroma_prime_set,pc,2025-12-11 00:00:00+00:00,64.333,20.0,44.333,221.66500000000002,5.0,15.0,5.0,221.665,0.6976043404953715,70,100.54812825680295,336.60499166666665
cobra_and_crane_prime_set,pc,2025-12-11 00:00:00+00:00,16.667,16.0,0.6670000000000016,4.16875000000001,1.0,11.0,1.0,0.6670000000000016,0.00209912297886637,0,0.9754700235023953,11.544658333333336
corinth_prime_set,pc,2025-12-11 00:00:00+00:00,74.333,41.334,32.998999999999995,79.83500266124739,4.0,7.0,4.0,131.99599999999998,0.41540605205164116,42,60.69175858322924,181.9689666666667
corvas_prime_set,pc,2025-12-11 00:00:00+00:00,43.0,27.833,15.167000000000002,54.492868178062025,3.0,6.0,3.0,45.501000000000005,0.14319669364527507,14,25.12906961808654,76.57109166666666
daikyu_prime_set,pc,2025-12-11 00:00:00+00:00,26.0,15.334,10.666,69.55784531107344,2.0,12.0,2.0,21.332,0.06713416999276955,7,18.929796732718415,50.169216666666664
dakra_prime_set,pc,2025-12-11 00:00:00+00:00,18.0,15.666,2.3339999999999996,14.898506319417846,1.0,11.0,1.0,2.3339999999999996,0.007345356870575854,1,3.4134138453591976,2.8805833333333335
destreza_prime_set,pc,2025-12-11 00:00:00+00:00,56.667,16.333,40.334,246.94789689585508,3.0,5.0,3.0,121.00200000000001,0.3808067146758439,38,63.87721177129597,78.75134166666665
dethcube_prime_set,pc,2025-12-11 00:00:00+00:00,83.667,42.0,41.667,99.20714285714286,5.0,12.0,5.0,208.335,0.6556533520271726,66,90.35874972510523,377.6852166666667
dual_kamas_prime_set,pc,2025-12-11 00:00:00+00:00,128.0,64.666,63.334,97.94018495036033,5.0,3.0,3.0,190.002,0.5979573676620196,60,100.30245773598598,164.33325000000005
dual_keres_prime_set,pc,2025-12-11 00:00:00+00:00,50.0,18.0,32.0,177.77777777777777,3.0,4.0,3.0,96.0,0.30212264763294006,30,47.87417561816435,72.694625
dual_zoren_prime_set,pc,2025-12-11 00:00:00+00:00,31.333,19.0,12.332999999999998,64.91052631578945,1.0,6.0,1.0,12.332999999999998,0.038813318888094264,4,15.271045197928947,74.44105
ember_prime_set,pc,2025-12-11 00:00:00+00:00,87.667,41.0,46.667,113.82195121951219,4.0,12.0,4.0,186.668,0.5874648998786006,59,96.62059026453139,390.28237499999994
epitaph_prime_set,pc,2025-12-11 00:00:00+00:00,13.667,11.0,2.667,24.245454545454546,1.0,11.0,1.0,2.667,0.008393344804552616,1,3.900417620211217,20.426616666666668
equinox_prime_set,pc,2025-12-11 00:00:00+00:00,62.333,24.667,37.666,152.6979365143714,6.0,11.0,6.0,225.99599999999998,0.7112344778588949,71,83.27623073732511,247.38210833333332
euphona_prime_set,pc,2025-12-11 00:00:00+00:00,48.333,24.333,24.0,98.63148810257675,1.0,7.0,1.0,24.0,0.07553066190823501,8,31.04549916542353,52.95386666666666
fang_prime_set,pc,2025-12-11 00:00:00+00:00,6.333,10.334,-4.0009999999999994,-38.716856976969225,1.0,4.0,1.0,0.0,0.0,0,-4.395547766961107,0.06947499999999987
fragor_prime_set,pc,2025-12-11 00:00:00+00:00,45.0,14.0,31.0,221.42857142857142,2.0,4.0,2.0,62.0,0.1951208765962738,20,41.616075440059305,64.84882499999999
frost_prime_set,pc,2025-12-11 00:00:00+00:00,86.333,46.0,40.333,87.68043478260869,12.0,10.0,10.0,403.33,1.0,100,100.0703551369907,444.42280000000005
fulmin_prime_set,pc,2025-12-11 00:00:00+00:00,26.0,12.0,14.0,116.66666666666667,6.0,12.0,6.0,84.0,0.26435731667882256,26,31.496377753786902,51.85919166666666
galariak_prime_set,pc,2025-12-11 00:00:00+00:00,106.667,35.667,71.0,199.0635601536434,2.0,3.0,2.0,142.0,0.44688974962372385,45,87.91406868182561,142.0
galatine_prime_set,pc,2025-12-11 00:00:00+00:00,51.667,28.667,23.0,80.23162521366031,2.0,5.0,2.0,46.0,0.14476710199078377,14,32.79943609482347,114.73885
gara_prime_set,pc,2025-12-11 00:00:00+00:00,61.667,33.833,27.834000000000003,82.2687908255254,4.0,9.0,4.0,111.33600000000001,0.3503867405923023,35,54.162463088805595,219.99333333333334
garuda_prime_set,pc,2025-12-11 00:00:00+00:00,74.667,52.667,22.0,41.77188751969924,8.0,8.0,8.0,176.0,0.5538915206603902,55,48.33894070139683,195.01077500000002
gauss_prime_set,pc,2025-12-11 00:00:00+00:00,31.667,25.665999999999997,6.001000000000005,23.381126782513853,22.0,12.0,12.0,72.01200000000006,0.22662975105565936,23,17.089051588314376,192.96326666666664
glaive_prime_set,pc,2025-12-11 00:00:00+00:00,70.333,34.0,36.333,106.86176470588235,5.0,3.0,3.0,108.999,0.3430319423889878,34,57.54080267978619,202.7301333333333
gram_prime_set,pc,2025-12-11 00:00:00+00:00,28.0,10.0,18.0,180.0,0.0,6.0,0.0,0.0,0.0,0,0.0,23.24299166666667
grendel_prime_set,pc,2025-12-11 00:00:00+00:00,41.0,26.167,14.832999999999998,56.68590209041922,4.0,18.0,4.0,59.331999999999994,0.18672438468080832,19,33.37041223013722,186.27096666666665
guandao_prime_set,pc,2025-12-11 00:00:00+00:00,43.333,23.333,20.0,85.7155102215746,1.0,6.0,1.0,20.0,0.06294221825686251,6,24.764526389246655,78.36371666666666
gunsen_prime_set,pc,2025-12-11 00:00:00+00:00,38.333,22.667,15.665999999999997,69.1136895045661,4.0,6.0,4.0,62.66399999999999,0.19721055824240158,20,27.80369356973248,77.11290833333332
gyre_prime_set,pc,2025-12-11 00:00:00+00:00,109.667,78.333,31.334000000000003,40.00102128094163,30.0,11.0,11.0,344.67400000000004,1.0,100,92.5334621897215,344.67400000000004
harrow_prime_set,pc,2025-12-11 00:00:00+00:00,62.667,31.0,31.667,102.15161290322581,4.0,6.0,4.0,126.668,0.39863824510801305,40,56.201938227544915,222.18684166666668
helios_prime_set,pc,2025-12-11 00:00:00+00:00,59.0,40.666,18.334000000000003,45.084345645010586,0.0,7.0,0.0,0.0,0.0,0,0.0,152.07125
hikou_prime_set,pc,2025-12-11 00:00:00+00:00,49.667,19.666,30.001,152.55262890267466,4.0,3.0,3.0,90.003,0.28324942348861987,28,44.88353571001715,89.20055000000002
hildryn_prime_set,pc,2025-12-11 00:00:00+00:00,40.0,23.834,16.166,67.82747335738861,6.0,18.0,6.0,96.99600000000001,0.3052571701021318,31,39.330877549565784,210.65714999999997
hydroid_prime_set,pc,2025-12-11 00:00:00+00:00,88.0,46.0,42.0,91.30434782608695,4.0,9.0,4.0,168.0,0.5287146333576451,53,81.72822626032315,430.77455833333323
hystrix_prime_set,pc,2025-12-11 00:00:00+00:00,20.0,11.334,8.666,76.46020822304571,0.0,4.0,0.0,0.0,0.0,0,0.0,16.755558333333337
inaros_prime_set,pc,2025-12-11 00:00:00+00:00,57.667,35.667,22.0,61.68166652648106,6.0,9.0,6.0,132.0,0.4154186404952926,42,46.6857203144276,175.46674166666668
ivara_prime_set,pc,2025-12-11 00:00:00+00:00,56.0,26.5,29.5,111.32075471698113,5.0,8.0,5.0,147.5,0.46419885964436103,46,58.741357155203964,222.77792499999998
karyst_prime_set,pc,2025-12-11 00:00:00+00:00,25.333,11.667,13.665999999999999,117.13379617725207,0.0,6.0,0.0,0.0,0.0,0,0.0,34.600116666666665
kestrel_prime_set,pc,2025-12-11 00:00:00+00:00,100.0,47.667,52.333,109.78874273606478,8.0,6.0,6.0,313.998,0.9881865324109158,99,108.3516264236767,313.998
khora_prime_set,pc,2025-12-11 00:00:00+00:00,78.667,41.0,37.667,91.87073170731708,7.0,13.0,7.0,263.669,0.829795587278434,83,88.71029968316171,352.0468083333334
knell_prime_set,pc,2025-12-11 00:00:00+00:00,32.667,20.0,12.667000000000002,63.335000000000015,0.0,8.0,0.0,0.0,0.0,0,0.0,24.24996666666666
kogake_prime_set,pc,2025-12-11 00:00:00+00:00,85.0,29.334,55.666,189.7661416785982,3.0,3.0,3.0,166.998,0.5255612282229762,53,77.16946190609983,159.0389833333333
kompressa_prime_set,pc,2025-12-11 00:00:00+00:00,25.0,10.834,14.166,130.75503045966403,2.0,17.0,2.0,28.332,0.08916394638267144,9,27.219459499149337,65.34237499999999
kronen_prime_set,pc,2025-12-11 00:00:00+00:00,87.667,50.334,37.333,74.17054078753922,2.0,3.0,2.0,74.666,0.23498218341834481,23,46.22670318448726,162.28834166666667
larkspur_prime_set,pc,2025-12-11 00:00:00+00:00,47.333,19.0,28.333,149.12105263157892,1.0,14.0,1.0,28.333,0.08916709349358427,9,44.09710534142714,105.96991666666668
latron_prime_set,pc,2025-12-11 00:00:00+00:00,94.667,46.667,48.0,102.85640816851308,6.0,6.0,6.0,288.0,0.9063679428988202,91,93.40368715465503,309.39590000000004
lavos_prime_set,pc,2025-12-11 00:00:00+00:00,25.0,10.334,14.666,141.91987613702344,4.0,17.0,4.0,58.664,0.18462211459102912,18,32.62032066371417,133.002275
lex_prime_set,pc,2025-12-11 00:00:00+00:00,6.0,9.0,-3.0,-33.333333333333336,0.0,8.0,0.0,0.0,0.0,0,-0.0,0.6445083333333332
limbo_prime_set,pc,2025-12-11 00:00:00+00:00,86.333,53.334,32.998999999999995,61.872351595605046,6.0,6.0,6.0,197.99399999999997,0.6231090780774617,62,64.21308900867628,282.08797500000003
loki_prime_set,pc,2025-12-11 00:00:00+00:00,76.333,44.167,32.166,72.82812959902188,6.0,6.0,6.0,192.99599999999998,0.6073798177350719,61,62.5921458545132,334.09404166666667
mag_prime_set,pc,2025-12-11 00:00:00+00:00,63.333,34.833,28.5,81.81896477478254,7.0,11.0,7.0,199.5,0.6278486271122036,63,64.97499718499063,248.95066666666668
magnus_prime_set,pc,2025-12-11 00:00:00+00:00,40.0,17.166,22.834,133.0187580100198,5.0,10.0,5.0,114.17,0.35930565291929967,36,47.68391777962267,135.84998333333334
masseter_prime_set,pc,2025-12-11 00:00:00+00:00,10.0,7.0,3.0,42.857142857142854,2.0,6.0,2.0,6.0,0.018882665477058753,2,4.488203964202908,15.479083333333334
mesa_prime_set,pc,2025-12-11 00:00:00+00:00,70.0,35.167,34.833,99.0502459692325,5.0,17.0,5.0,174.165,0.5481165721353229,55,80.96241191891824,339.82935
mirage_prime_set,pc,2025-12-11 00:00:00+00:00,73.0,33.833,39.167,115.76567256820266,9.0,14.0,9.0,352.50300000000004,1.0,100,98.05383085187816,391.49865000000005
nagantaka_prime_set,pc,2025-12-11 00:00:00+00:00,35.0,12.5,22.5,180.0,5.0,6.0,5.0,112.5,0.35404997769485164,35,42.03657600036178,72.98443333333333
nami_skyla_prime_set,pc,2025-12-11 00:00:00+00:00,103.0,55.0,48.0,87.27272727272727,2.0,3.0,2.0,96.0,0.30212264763294006,30,59.43486333419197,198.09435
nautilus_prime_set,pc,2025-12-11 00:00:00+00:00,36.0,21.334,14.666,68.74472672728977,6.0,16.0,6.0,87.99600000000001,0.2769331718865437,28,34.89565169961384,217.21398333333337
nekros_prime_set,pc,2025-12-11 00:00:00+00:00,87.333,31.0,56.333,181.71935483870968,10.0,7.0,7.0,394.331,1.0,100,126.02538213418113,447.9031583333333
nezha_prime_set,pc,2025-12-11 00:00:00+00:00,49.0,29.0,20.0,68.96551724137932,4.0,18.0,4.0,80.0,0.25176887302745005,25,44.99482536255272,195.83609166666668
nidus_prime_set,pc,2025-12-11 00:00:00+00:00,69.667,40.5,29.167,72.0172839506173,4.0,9.0,4.0,116.668,0.3671671359795818,37,56.75636131749632,243.4050083333333
nikana_prime_set,pc,2025-12-11 00:00:00+00:00,80.0,44.334,35.666,80.44841430955924,3.0,8.0,3.0,106.99799999999999,0.3367345734523887,34,63.299280917788764,192.07336666666663
ninkondi_prime_set,pc,2025-12-11 00:00:00+00:00,52.333,25.333,27.0,106.58034974144397,2.0,2.0,2.0,54.0,0.16994398929352877,17,29.662531794038966,94.9118
nova_prime_set,pc,2025-12-11 00:00:00+00:00,69.0,42.5,26.5,62.35294117647059,6.0,14.0,6.0,159.0,0.500390635142057,50,61.452581515880574,305.39950000000005
nyx_prime_set,pc,2025-12-11 00:00:00+00:00,83.667,46.667,37.0,79.28514796322884,4.0,14.0,4.0,148.0,0.4657724151007826,47,79.10974686168645,352.66322499999995
oberon_prime_set,pc,2025-12-11 00:00:00+00:00,76.0,33.667,42.333,125.74033920456233,8.0,9.0,8.0,338.664,1.0,100,95.2382971036472,329.62087499999996
octavia_prime_set,pc,2025-12-11 00:00:00+00:00,54.667,30.334,24.333000000000002,80.21691830948771,4.0,18.0,4.0,97.33200000000001,0.30631459936884714,31,54.74295427734977,220.00885000000002
odonata_prime_set,pc,2025-12-11 00:00:00+00:00,39.667,23.5,16.167,68.79574468085107,1.0,2.0,1.0,16.167,0.05087934212793482,5,14.249166781344954,45.33730833333333
okina_prime_set,pc,2025-12-11 00:00:00+00:00,16.333,12.333,3.9999999999999982,32.433309008351564,3.0,9.0,3.0,11.999999999999995,0.03776533095411749,4,7.295714089722584,46.167116666666665
orthos_prime_set,pc,2025-12-11 00:00:00+00:00,7.333,9.667,-2.3339999999999996,-24.143995034653976,3.0,8.0,3.0,0.0,0.0,0,-4.142335043518167,9.035541666666667
pandero_prime_set,pc,2025-12-11 00:00:00+00:00,23.333,20.333,3.0,14.754340235085822,0.0,9.0,0.0,0.0,0.0,0,0.0,26.218058333333335
pangolin_prime_set,pc,2025-12-11 00:00:00+00:00,23.333,14.0,9.332999999999998,66.6642857142857,1.0,7.0,1.0,9.332999999999998,0.029371986149564887,3,12.072818487954072,29.213775000000005
panthera_prime_set,pc,2025-12-11 00:00:00+00:00,48.333,20.0,28.333,141.665,3.0,10.0,3.0,84.999,0.26750128048075283,27,52.93432479192222,124.76657499999997
paris_prime_set,pc,2025-12-11 00:00:00+00:00,7.0,11.5,-4.5,-39.130434782608695,6.0,11.0,6.0,0.0,0.0,0,-9.949106311208066,0.9444666666666667
phantasma_prime_set,pc,2025-12-11 00:00:00+00:00,51.333,26.667,24.665999999999997,92.49634379570253,7.0,12.0,7.0,172.66199999999998,0.5433864644333197,54,57.19959908191358,174.1691583333333
protea_prime_set,pc,2025-12-11 00:00:00+00:00,26.667,19.333,7.334000000000003,37.93513681270369,6.0,21.0,6.0,44.00400000000002,0.13848546860874897,14,18.360527879788464,119.564125
pyrana_prime_set,pc,2025-12-11 00:00:00+00:00,52.667,28.667,24.0,83.71995674468901,3.0,9.0,3.0,72.0,0.22659198572470504,23,43.77428453833553,133.9033083333333
quassus_prime_set,pc,2025-12-11 00:00:00+00:00,20.0,13.666,6.334,46.34860237084735,1.0,7.0,1.0,6.334,0.019933800521948358,2,8.193424654741358,37.40269166666666
reaper_prime_set,pc,2025-12-11 00:00:00+00:00,39.667,16.0,23.667,147.91875000000002,3.0,9.0,3.0,71.001,0.22344802192277477,22,43.16691634036612,109.47227500000001
redeemer_prime_set,pc,2025-12-11 00:00:00+00:00,41.667,23.0,18.667,81.1608695652174,3.0,4.0,3.0,56.001000000000005,0.1762413582301279,18,27.927101133258564,55.747416666666666
revenant_prime_set,pc,2025-12-11 00:00:00+00:00,52.333,22.334,29.999,134.31987104862543,9.0,11.0,9.0,269.991,0.8496916224694283,85,71.79744616905788,348.63070833333336
rhino_prime_set,pc,2025-12-11 00:00:00+00:00,68.333,25.0,43.333,173.332,5.0,14.0,5.0,216.665,0.6818687859311559,68,96.94242955320098,317.78540000000004
rubico_prime_set,pc,2025-12-11 00:00:00+00:00,44.0,14.667,29.333,199.99318197313696,5.0,6.0,5.0,146.665,0.461571022032137,46,54.80261705860497,113.63730833333334
sagek_prime_set,pc,2025-12-11 00:00:00+00:00,76.667,36.334,40.333,111.0062200693565,0.0,6.0,0.0,0.0,0.0,0,0.0,0.0
saryn_prime_set,pc,2025-12-11 00:00:00+00:00,88.0,47.0,41.0,87.23404255319149,15.0,8.0,8.0,328.0,1.0,100,101.72525129835665,426.8974416666667
scindo_prime_set,pc,2025-12-11 00:00:00+00:00,30.0,13.333,16.667,125.00562514062854,2.0,7.0,2.0,33.334,0.10490579516871276,10,25.940297699698807,57.911425
scourge_prime_set,pc,2025-12-11 00:00:00+00:00,68.333,36.5,31.833,87.21369863013697,3.0,6.0,3.0,95.499,0.30054594506560567,30,52.7417203898298,223.326125
sevagoth_prime_set,pc,2025-12-11 00:00:00+00:00,24.0,14.833,9.167,61.80138879525382,10.0,20.0,10.0,91.67,0.28849565738032934,29,24.911151044393158,144.64294999999998
shade_prime_set,pc,2025-12-11 00:00:00+00:00,29.333,26.334,2.9989999999999988,11.38831928305612,0.0,12.0,0.0,0.0,0.0,0,0.0,54.14677500000001
sicarus_prime_set,pc,2025-12-11 00:00:00+00:00,58.333,34.667,23.665999999999997,68.26665128219919,8.0,7.0,7.0,165.66199999999998,0.5213566880434178,52,50.60030457374787,184.62578333333335
silva_and_aegis_prime_set,pc,2025-12-11 00:00:00+00:00,50.0,18.0,32.0,177.77777777777777,3.0,4.0,3.0,96.0,0.30212264763294006,30,47.87417561816435,110.68192499999999
soma_prime_set,pc,2025-12-11 00:00:00+00:00,48.0,17.5,30.5,174.28571428571428,7.0,8.0,7.0,213.5,0.6719081798920074,67,65.212088629228,117.31028333333333
spira_prime_set,pc,2025-12-11 00:00:00+00:00,121.0,61.0,60.0,98.36065573770492,5.0,4.0,4.0,240.0,0.7553066190823502,76,101.9801415353407,218.47226666666666
stradavar_prime_set,pc,2025-12-11 00:00:00+00:00,29.333,15.0,14.332999999999998,95.55333333333331,1.0,6.0,1.0,14.332999999999998,0.045107540713780515,5,17.74749783685361,35.070875
strun_prime_set,pc,2025-12-11 00:00:00+00:00,50.0,22.333,27.667,123.88393856624728,1.0,12.0,1.0,27.667,0.08707111762563076,9,41.39171302586729,168.7162166666667
sybaris_prime_set,pc,2025-12-11 00:00:00+00:00,59.667,24.667,35.0,141.8899744598046,1.0,6.0,1.0,35.0,0.1101488819495094,11,43.33792118118164,147.66215
tatsu_prime_set,pc,2025-12-11 00:00:00+00:00,23.333,14.667,8.665999999999999,59.08502079498193,0.0,10.0,0.0,0.0,0.0,0,0.0,23.88895833333333
tekko_prime_set,pc,2025-12-11 00:00:00+00:00,76.0,42.334,33.666,79.5247318939859,2.0,6.0,2.0,67.332,0.21190127198355332,21,50.36662488628503,163.92576666666668
tenora_prime_set,pc,2025-12-11 00:00:00+00:00,43.333,26.667,16.665999999999997,62.4967187910151,1.0,7.0,1.0,16.665999999999997,0.052449750473443524,5,21.558512045456183,95.79310833333334
tiberon_prime_set,pc,2025-12-11 00:00:00+00:00,46.333,20.0,26.333,131.665,0.0,7.0,0.0,0.0,0.0,0,0.0,46.93873333333334
tigris_prime_set,pc,2025-12-11 00:00:00+00:00,39.667,15.5,24.167,155.91612903225808,0.0,8.0,0.0,0.0,0.0,0,0.0,40.55998333333333
tipedo_prime_set,pc,2025-12-11 00:00:00+00:00,63.333,31.667,31.665999999999997,99.99684213850378,1.0,5.0,1.0,31.665999999999997,0.0996564141660904,10,37.18725227194863,109.74832500000001
titania_prime_set,pc,2025-12-11 00:00:00+00:00,75.667,41.5,34.167,82.33012048192772,5.0,19.0,5.0,170.835,0.5376366927955554,54,81.13321478119268,363.9634333333334
trinity_prime_set,pc,2025-12-11 00:00:00+00:00,70.0,24.167,45.833,189.6511772251417,7.0,8.0,7.0,320.831,1.0,100,97.99559534896417,247.620825
trumna_prime_set,pc,2025-12-11 00:00:00+00:00,24.333,14.0,10.332999999999998,73.80714285714284,2.0,7.0,2.0,20.665999999999997,0.06503819412481603,7,16.08214412497676,47.26933333333333
vadarya_prime_set,pc,2025-12-11 00:00:00+00:00,26.333,13.0,13.332999999999998,102.56153846153845,3.0,12.0,3.0,39.998999999999995,0.12588128940281218,13,25.944820017354488,56.27470000000001
valkyr_prime_set,pc,2025-12-11 00:00:00+00:00,94.667,53.5,41.167,76.94766355140186,7.0,14.0,7.0,288.169,0.9068998046430906,91,98.33629018240174,343.85325
vasto_prime_set,pc,2025-12-11 00:00:00+00:00,23.667,8.0,15.667000000000002,195.83750000000003,1.0,5.0,1.0,15.667000000000002,0.04930578667151325,5,18.398682541041474,20.99869166666667
vauban_prime_set,pc,2025-12-11 00:00:00+00:00,135.0,77.0,58.0,75.32467532467533,9.0,9.0,9.0,522.0,1.0,100,133.54993539365466,746.726775
vectis_prime_set,pc,2025-12-11 00:00:00+00:00,89.0,38.0,51.0,134.21052631578948,1.0,4.0,1.0,51.0,0.1605026565549994,16,56.0292267220736,252.98475833333336
velox_prime_set,pc,2025-12-11 00:00:00+00:00,9.667,9.0,0.6669999999999998,7.41111111111111,3.0,10.0,3.0,2.0009999999999994,0.006297368936599093,1,1.2461509418773908,5.057200000000001
venato_prime_set,pc,2025-12-11 00:00:00+00:00,29.667,10.333,19.334000000000003,187.10926158908356,3.0,11.0,3.0,58.00200000000001,0.182538727166727,18,36.903514321913164,51.85148333333334
venka_prime_set,pc,2025-12-11 00:00:00+00:00,68.667,39.0,29.667,76.06923076923077,4.0,4.0,4.0,118.668,0.37346135780526807,37,47.747194548182456,104.14441666666667
volnus_prime_set,pc,2025-12-11 00:00:00+00:00,25.0,17.666,7.334,41.514774142420464,2.0,8.0,2.0,14.668,0.046161822869582966,5,11.803617649791692,20.20290833333333
volt_prime_set,pc,2025-12-11 00:00:00+00:00,69.0,40.667,28.333,69.67074040376717,7.0,17.0,7.0,198.331,0.6241696544550899,62,70.18849778723873,295.8107666666667
wisp_prime_set,pc,2025-12-11 00:00:00+00:00,45.333,27.0,18.333,67.89999999999999,11.0,14.0,11.0,201.66299999999998,0.6346558280166832,63,47.592034614888675,318.005575
wukong_prime_set,pc,2025-12-11 00:00:00+00:00,76.667,43.5,33.167,76.24597701149426,12.0,12.0,12.0,398.004,1.0,100,85.0716753389268,406.55295000000007
wyrm_prime_set,pc,2025-12-11 00:00:00+00:00,76.0,56.666,19.334000000000003,34.11922493205803,9.0,7.0,7.0,135.33800000000002,0.425923696722363,43,42.345875415605306,274.0775916666667
xaku_prime_set,pc,2025-12-11 00:00:00+00:00,22.333,10.667,11.665999999999999,109.36533233336458,11.0,17.0,11.0,128.326,0.40385615500150696,40,31.33640833732098,143.068725
yareli_prime_set,pc,2025-12-11 00:00:00+00:00,48.0,28.0,20.0,71.42857142857143,7.0,16.0,7.0,140.0,0.4405955277980376,44,48.990779174097284,279.58899166666663
zakti_prime_set,pc,2025-12-11 00:00:00+00:00,31.0,11.167,19.833,177.60365362227992,0.0,9.0,0.0,0.0,0.0,0,0.0,37.870825
zephyr_prime_set,pc,2025-12-11 00:00:00+00:00,64.0,29.667,34.333,115.72791316951493,5.0,14.0,5.0,171.665,0.5402487948532152,54,76.80807776636857,226.22027500000002
zhuge_prime_set,pc,2025-12-11 00:00:00+00:00,43.333,18.0,25.333,140.73888888888888,0.0,6.0,0.0,0.0,0.0,0,0.0,58.14031666666667
zylok_prime_set,pc,2025-12-11 00:00:00+00:00,10.0,10.334,-0.33399999999999963,-3.2320495451906295,2.0,15.0,2.0,0.0,0.0,0,-0.6240096170720363,14.637408333333335
